Ahmed,112345,12345,ahmed@gmail.com,Egypt,1,20,Male
Mohaned,623748,89178,mohaned@gmail.com,Turkey,2,21,Male
Samy,123973,89389,samy@gmail.com,Ghana,3,22,Male
John,762874,817837,john@gmail.com,America,4,23,Male
Chris,738290,8738223,chris@gmail.com,England,5,24,Male
Sara,721878,8713897,sara@gmail.com,Japan,6,25,Female
